,embedder,dataset,metric_test,metric
488,FRAD_QM9,CYP1A2_Veith,0.9100450747963522,0.9161069550403674
500,FRAD_QM9,CYP1A2_Veith,0.908594881773762,0.9161273923444976
512,FRAD_QM9,CYP1A2_Veith,0.9028859378273264,0.9079539534387417
524,FRAD_QM9,CYP1A2_Veith,0.9066975342689321,0.9174001690037499
536,FRAD_QM9,CYP1A2_Veith,0.9012651281918215,0.9227035054988219
