,embedder,dataset,metric_test,metric
548,FRAD_QM9,CYP2C9_Veith,0.8647654437987878,0.8634534148647052
560,FRAD_QM9,CYP2C9_Veith,0.8682130881152056,0.8658273461307471
572,FRAD_QM9,CYP2C9_Veith,0.8526549394010762,0.8719143684031324
584,FRAD_QM9,CYP2C9_Veith,0.857159437017672,0.8842275371687137
596,FRAD_QM9,CYP2C9_Veith,0.8566068926996482,0.8751080681085517
