,embedder,dataset,metric_test,metric
68,FRAD_QM9,Lipophilicity_AstraZeneca,0.45743722752381055,0.5972932282026608
80,FRAD_QM9,Lipophilicity_AstraZeneca,0.4740852717727495,0.5298957399832551
92,FRAD_QM9,Lipophilicity_AstraZeneca,0.5114647807029356,0.4892188400160449
104,FRAD_QM9,Lipophilicity_AstraZeneca,0.45667102141196014,0.47216336294505545
116,FRAD_QM9,Lipophilicity_AstraZeneca,0.516635813110931,0.557549458890612
