,embedder,dataset,metric_test,metric
188,FRAD_QM9,Bioavailability_Ma,0.6348514851485149,0.6411347517730496
200,FRAD_QM9,Bioavailability_Ma,0.5989583333333333,0.5433333333333334
212,FRAD_QM9,Bioavailability_Ma,0.6390086206896552,0.5784615384615385
224,FRAD_QM9,Bioavailability_Ma,0.6497961956521738,0.640502354788069
236,FRAD_QM9,Bioavailability_Ma,0.6067669172932331,0.6838905775075987
