,embedder,dataset,metric_test,metric
362,GraphLog,CYP2D6_Veith,0.848868567464258,0.8107741833817339
374,GraphLog,CYP2D6_Veith,0.8498977087902435,0.8471453826002527
386,GraphLog,CYP2D6_Veith,0.818163994423144,0.8389571664219553
398,GraphLog,CYP2D6_Veith,0.829107021131561,0.8241849319387764
410,GraphLog,CYP2D6_Veith,0.8142428404115892,0.8377226879099537
