,embedder,dataset,metric_test,metric
0,custom:../bool-run/glorious-plant-430/model_275.pth,LD50_Zhu,0.5484858657934215,0.5529431317533768
1,custom:../bool-run/glorious-plant-430/model_275.pth,LD50_Zhu,0.504066092231916,0.6194931425626755
2,custom:../bool-run/glorious-plant-430/model_275.pth,LD50_Zhu,0.5955576708399758,0.5156671036566716
3,custom:../bool-run/glorious-plant-430/model_275.pth,LD50_Zhu,0.5006762889381813,0.5624109641610933
4,custom:../bool-run/glorious-plant-430/model_275.pth,LD50_Zhu,0.5678624667068793,0.5347767490167115
