,embedder,dataset,metric_test,metric
67,ChemGPT-1.2B,Lipophilicity_AstraZeneca,0.4563010064149934,0.48576748302269435
79,ChemGPT-1.2B,Lipophilicity_AstraZeneca,0.5015719544321975,0.5040726440605019
91,ChemGPT-1.2B,Lipophilicity_AstraZeneca,0.4800291050323371,0.49618812442043203
103,ChemGPT-1.2B,Lipophilicity_AstraZeneca,0.486300390579089,0.47440213396923514
115,ChemGPT-1.2B,Lipophilicity_AstraZeneca,0.5083244993683156,0.4887827340440335
