,embedder,dataset,metric_test,metric
247,ChemGPT-1.2B,Carcinogens_Lagunin,0.7659090909090909,0.7909090909090909
259,ChemGPT-1.2B,Carcinogens_Lagunin,0.7697674418604652,0.9090909090909091
271,ChemGPT-1.2B,Carcinogens_Lagunin,0.7881136950904393,0.8157894736842106
283,ChemGPT-1.2B,Carcinogens_Lagunin,0.799249530956848,0.0
295,ChemGPT-1.2B,Carcinogens_Lagunin,0.8021978021978021,0.0
