,embedder,dataset,metric_test,metric
420,GraphMVP,CYP3A4_Veith,0.8609535961068029,0.8374579347373995
432,GraphMVP,CYP3A4_Veith,0.8528968263123721,0.8443768768523451
444,GraphMVP,CYP3A4_Veith,0.849904104334484,0.8509604324821717
456,GraphMVP,CYP3A4_Veith,0.8367597536845843,0.8446743988082571
468,GraphMVP,CYP3A4_Veith,0.8365233000599441,0.8594089942642404
