,embedder,dataset,metric_test,metric
600,GraphMVP,CYP2C9_Substrate_CarbonMangels,0.6542022792022791,0.7649572649572649
612,GraphMVP,CYP2C9_Substrate_CarbonMangels,0.6903690369036904,0.6875
624,GraphMVP,CYP2C9_Substrate_CarbonMangels,0.6175213675213675,0.7393939393939394
636,GraphMVP,CYP2C9_Substrate_CarbonMangels,0.48335291813552683,0.7128205128205128
648,GraphMVP,CYP2C9_Substrate_CarbonMangels,0.6623931623931624,0.7448979591836735
